train_no,train_name,zone,section,current_delay,preceding_train_headway,visibility_meters,junction_congestion,train_priority,dwell_deviation,target_delay_min
12002,Bhopal Shatabdi Express,NCR,NDLS-GZB,4.15,13.46,7905.6,0.578,1,1.63,2.75
12001,Bhopal Shatabdi Express,NCR,GZB-ALJN,1.23,24.26,8142.1,0.562,1,2.49,0.0
12049,Gatimaan Express,NCR,ALJN-TDL,4.48,18.68,8032.8,0.554,1,1.14,6.75
12050,Gatimaan Express,NCR,TDL-AGC,5.29,10.55,7919.3,0.504,1,0.69,7.66
20172,Rani Kamalapati Vande Bharat,NCR,AGC-DHO,0.07,28.73,4134.1,0.652,1,1.13,0.0
20171,Rani Kamalapati Vande Bharat,NCR,DHO-GWL,0.79,11.57,8164.9,0.347,1,1.93,0.0
12279,Taj Express,NCR,GWL-DBA,17.16,20.08,1705.8,0.208,2,1.14,25.82
12280,Taj Express,NCR,DBA-JHS,3.44,14.95,1202.9,0.3,2,2.6,11.01
12452,Shram Shakti Express,NCR,NDLS-CNB,19.54,7.34,1405.8,0.532,2,1.11,26.03
12451,Shram Shakti Express,NCR,CNB-ALD,23.66,1.24,7956.2,0.173,2,1.31,43.31
12417,Prayagraj Express,NCR,NDLS-GZB,8.78,24.9,7997.2,0.1,2,4.46,11.59
12418,Prayagraj Express,NCR,GZB-ALJN,1.88,17.64,445.2,0.706,2,0.54,22.53
12559,Shiv Ganga Express,NCR,ALJN-TDL,12.01,22.54,7851.4,0.137,2,2.55,16.51
12560,Shiv Ganga Express,NCR,TDL-AGC,2.3,24.49,7816.6,0.28,2,2.48,0.47
12137,Punjab Mail,NCR,AGC-DHO,9.72,19.01,8039.0,0.349,2,0.46,13.59
12138,Punjab Mail,NCR,DHO-GWL,12.33,3.86,8052.0,0.315,2,1.71,18.42
12615,Grand Trunk Express,NCR,GWL-DBA,14.13,23.17,7853.8,0.413,2,3.02,22.17
12616,Grand Trunk Express,NCR,DBA-JHS,1.18,13.5,8284.5,0.573,2,4.78,5.22
13007,Ashutosh Toofan Express,NCR,NDLS-CNB,8.14,7.64,3839.4,0.49,3,2.39,12.53
13008,Ashutosh Toofan Express,NCR,CNB-ALD,22.86,11.78,7772.8,0.495,3,1.78,29.04
04414,Delhi - Aligarh MEMU Passenger,NCR,NDLS-GZB,55.33,5.76,8053.7,0.643,3,3.16,66.83
04183,Tundla - Delhi MEMU Passenger,NCR,GZB-ALJN,24.22,32.05,8077.1,0.616,3,1.78,31.31
04159,Kanpur - Tundla MEMU Passenger,NCR,ALJN-TDL,4.95,13.77,7927.2,0.722,3,1.93,13.99
01888,Gwalior - Agra Cantt Passenger,NCR,TDL-AGC,1.63,18.76,1363.3,0.696,3,4.37,18.34
07091,Guntur - Delhi Passenger Special,SCoR,GNT-BZA,12.17,25.69,96.2,0.489,3,0.0,31.57
07764,Guntur - Vijayawada MEMU Passenger,SCoR,BZA-EE,6.31,6.89,8129.9,0.724,3,1.95,19.28
17239,Simhadri Daily Express,SCoR,BZA-KI,11.35,15.27,8190.0,0.284,2,3.75,10.46
17240,Simhadri Daily Express,SCoR,GNT-NLR,6.83,14.55,3984.2,0.287,2,2.9,8.77
17243,Guntur - Rayagada Express,SCoR,BZA-VSKP,12.9,6.54,7969.6,0.379,2,2.29,12.81
17244,Guntur - Rayagada Express,SCoR,BZA-WL,9.47,33.01,8316.7,0.537,2,0.79,14.41
12705,Guntur - Secunderabad Intercity Express,SCR,WL-SC,1.51,24.69,4054.3,0.624,2,0.83,0.5
12706,Guntur - Secunderabad Intercity Express,SCR,GNT-RGDA,17.98,12.59,216.9,0.223,2,3.07,33.64
12743,Vijayawada - Gudur Amaravati Express,SCoR,GNT-BZA,4.63,31.45,7959.3,0.26,2,2.21,4.26
12744,Vijayawada - Gudur Amaravati Express,SCoR,BZA-EE,13.4,26.58,1017.9,0.257,2,1.13,22.29
12077,Vijayawada Jan Shatabdi Express,SCoR,BZA-KI,1.49,5.86,1076.7,0.498,1,1.74,4.51
12078,Vijayawada Jan Shatabdi Express,SCoR,GNT-NLR,1.06,34.55,8034.8,0.65,1,0.7,3.79
16031,Andaman Express,SCoR,BZA-VSKP,1.05,27.42,4128.6,0.4,3,1.49,7.63
16032,Andaman Express,SCoR,BZA-WL,16.45,20.83,275.9,0.213,3,1.58,35.03
17201,Golconda Express,SCR,WL-SC,59.48,3.51,4003.7,0.542,3,3.73,69.51
17202,Golconda Express,SCR,GNT-RGDA,0.56,10.55,427.5,0.249,3,1.31,13.95
17656,Kacheguda - Puducherry Express,SCR,GNT-BZA,5.23,20.84,8051.3,0.595,2,2.66,5.23
22117,Kacheguda - Guntur AC Double Decker Express,SCR,BZA-EE,32.39,30.45,8274.7,0.413,1,1.85,28.54
22118,Kacheguda - Guntur AC Double Decker Express,SCR,BZA-KI,5.75,33.98,1182.8,0.606,1,1.43,8.72
12002,Bhopal Shatabdi Express,NCR,TDL-AGC,17.58,33.12,1207.0,0.614,1,0.0,24.12
12001,Bhopal Shatabdi Express,NCR,AGC-DHO,13.37,22.02,8049.8,0.234,1,3.36,14.06
12049,Gatimaan Express,NCR,DHO-GWL,6.2,5.56,8024.9,0.322,1,2.77,2.99
12050,Gatimaan Express,NCR,GWL-DBA,5.98,15.87,430.0,0.1,1,0.0,17.29
20172,Rani Kamalapati Vande Bharat,NCR,DBA-JHS,3.58,16.61,519.5,0.1,1,1.94,10.47
20171,Rani Kamalapati Vande Bharat,NCR,NDLS-CNB,2.41,12.75,1508.3,0.405,1,0.55,0.0
12279,Taj Express,NCR,CNB-ALD,5.44,18.12,3971.3,0.232,2,1.37,8.75
12280,Taj Express,NCR,NDLS-GZB,19.69,26.44,7917.9,0.377,2,3.14,26.33
12452,Shram Shakti Express,NCR,GZB-ALJN,27.07,18.4,7851.8,0.52,2,0.59,26.71
12451,Shram Shakti Express,NCR,ALJN-TDL,0.24,11.95,7884.0,0.162,2,2.56,1.64
12417,Prayagraj Express,NCR,TDL-AGC,9.24,20.95,3999.5,0.216,2,2.61,19.65
12418,Prayagraj Express,NCR,AGC-DHO,5.28,34.54,3945.8,0.442,2,0.92,6.59
12559,Shiv Ganga Express,NCR,DHO-GWL,27.25,3.73,7918.2,0.441,2,0.81,38.27
12560,Shiv Ganga Express,NCR,GWL-DBA,2.25,23.73,706.5,0.734,2,2.18,21.89
12137,Punjab Mail,NCR,DBA-JHS,3.33,4.9,3588.9,0.774,2,0.72,15.24
12138,Punjab Mail,NCR,NDLS-CNB,4.92,5.57,7909.7,0.44,2,3.23,5.01
12615,Grand Trunk Express,NCR,CNB-ALD,31.83,29.24,245.1,0.55,2,1.6,47.98
12616,Grand Trunk Express,NCR,NDLS-GZB,10.25,29.62,7910.8,0.431,2,0.99,8.56
13007,Ashutosh Toofan Express,NCR,GZB-ALJN,25.17,14.34,1254.1,0.117,3,1.52,38.1
13008,Ashutosh Toofan Express,NCR,ALJN-TDL,3.17,31.59,8133.9,0.664,3,2.87,12.55
04414,Delhi - Aligarh MEMU Passenger,NCR,TDL-AGC,9.15,31.39,1387.1,0.431,3,1.59,17.89
04183,Tundla - Delhi MEMU Passenger,NCR,AGC-DHO,17.25,30.81,8193.0,0.22,3,0.39,22.8
04159,Kanpur - Tundla MEMU Passenger,NCR,DHO-GWL,3.48,12.75,8281.5,0.307,3,1.72,16.77
01888,Gwalior - Agra Cantt Passenger,NCR,GWL-DBA,11.34,1.62,1216.4,0.479,3,2.03,42.6
07091,Guntur - Delhi Passenger Special,SCoR,GNT-NLR,6.62,26.04,601.8,0.272,3,4.55,19.34
07764,Guntur - Vijayawada MEMU Passenger,SCoR,BZA-VSKP,6.11,2.86,7848.2,0.119,3,2.25,18.15
17239,Simhadri Daily Express,SCoR,BZA-WL,3.05,16.38,8250.4,0.614,2,2.8,1.85
17240,Simhadri Daily Express,SCoR,WL-SC,12.0,1.45,3959.7,0.185,2,1.69,26.0
17243,Guntur - Rayagada Express,SCoR,GNT-RGDA,2.83,31.53,7996.4,0.861,2,3.17,7.25
17244,Guntur - Rayagada Express,SCoR,GNT-BZA,6.97,14.63,3948.6,0.336,2,2.13,7.41
12705,Guntur - Secunderabad Intercity Express,SCR,BZA-EE,0.31,6.31,4262.8,0.364,2,1.62,3.35
12706,Guntur - Secunderabad Intercity Express,SCR,BZA-KI,2.36,23.19,7964.0,0.286,2,1.8,2.05
12743,Vijayawada - Gudur Amaravati Express,SCoR,GNT-NLR,27.2,1.44,7859.4,0.659,2,0.87,39.29
12744,Vijayawada - Gudur Amaravati Express,SCoR,BZA-VSKP,3.6,13.91,4113.5,0.457,2,3.54,8.22
12077,Vijayawada Jan Shatabdi Express,SCoR,BZA-WL,19.3,15.46,7995.4,0.74,1,1.71,21.02
12078,Vijayawada Jan Shatabdi Express,SCoR,WL-SC,49.93,18.87,7755.6,0.345,1,2.07,49.61
16031,Andaman Express,SCoR,GNT-RGDA,13.12,6.96,635.6,0.183,3,2.12,26.57
16032,Andaman Express,SCoR,GNT-BZA,1.04,21.51,7771.4,0.378,3,2.76,12.75
17201,Golconda Express,SCR,BZA-EE,33.14,25.91,7954.3,0.264,3,2.88,36.74
17202,Golconda Express,SCR,BZA-KI,0.94,25.76,7906.0,0.596,3,2.14,9.68
17656,Kacheguda - Puducherry Express,SCR,GNT-NLR,5.37,4.11,164.5,0.171,2,2.48,23.25
22117,Kacheguda - Guntur AC Double Decker Express,SCR,BZA-VSKP,12.9,24.54,1189.5,0.1,1,1.66,11.15
22118,Kacheguda - Guntur AC Double Decker Express,SCR,BZA-WL,30.99,34.02,558.0,0.586,1,0.0,38.71
12002,Bhopal Shatabdi Express,NCR,GWL-DBA,1.54,3.62,4188.4,0.182,1,0.0,12.16
12001,Bhopal Shatabdi Express,NCR,DBA-JHS,26.06,21.94,7777.2,0.502,1,2.97,25.84
12049,Gatimaan Express,NCR,NDLS-CNB,6.17,17.32,3933.2,0.745,1,2.45,5.92
12050,Gatimaan Express,NCR,CNB-ALD,4.22,8.94,7862.2,0.155,1,1.3,2.25
20172,Rani Kamalapati Vande Bharat,NCR,NDLS-GZB,25.36,33.12,7831.6,0.304,1,3.45,24.71
20171,Rani Kamalapati Vande Bharat,NCR,GZB-ALJN,2.99,7.34,1120.4,0.315,1,1.05,3.36
12279,Taj Express,NCR,ALJN-TDL,17.04,24.66,7917.2,0.232,2,2.63,20.45
12280,Taj Express,NCR,TDL-AGC,1.66,31.22,487.6,0.388,2,1.29,13.55
12452,Shram Shakti Express,NCR,AGC-DHO,5.6,9.83,3873.9,0.465,2,1.77,0.39
12451,Shram Shakti Express,NCR,DHO-GWL,10.77,29.04,7869.5,0.28,2,2.21,12.99
12417,Prayagraj Express,NCR,GWL-DBA,24.24,25.08,1360.0,0.679,2,2.08,33.5
12418,Prayagraj Express,NCR,DBA-JHS,4.9,26.28,8022.0,0.402,2,2.48,4.96
12559,Shiv Ganga Express,NCR,NDLS-CNB,47.68,22.48,8096.8,0.669,2,1.02,49.66
12560,Shiv Ganga Express,NCR,CNB-ALD,12.02,32.69,8041.9,0.36,2,1.06,16.65
12137,Punjab Mail,NCR,NDLS-GZB,10.47,12.76,3916.2,0.473,2,0.0,13.08
12138,Punjab Mail,NCR,GZB-ALJN,3.84,34.9,8282.2,0.182,2,2.85,9.86
12615,Grand Trunk Express,NCR,ALJN-TDL,36.16,6.14,7982.8,0.609,2,1.21,42.64
12616,Grand Trunk Express,NCR,TDL-AGC,2.88,2.06,4142.6,0.279,2,2.05,20.82
13007,Ashutosh Toofan Express,NCR,AGC-DHO,11.81,5.46,8091.1,0.326,3,0.69,24.35
13008,Ashutosh Toofan Express,NCR,DHO-GWL,2.69,17.71,7761.3,0.556,3,0.0,9.08
04414,Delhi - Aligarh MEMU Passenger,NCR,GWL-DBA,7.85,21.4,7896.8,0.459,3,0.34,16.59
04183,Tundla - Delhi MEMU Passenger,NCR,DBA-JHS,3.33,34.55,8360.3,0.414,3,1.53,8.63
04159,Kanpur - Tundla MEMU Passenger,NCR,NDLS-CNB,5.18,2.13,8005.6,0.233,3,0.81,23.53
01888,Gwalior - Agra Cantt Passenger,NCR,CNB-ALD,2.2,4.56,4271.8,0.33,3,2.26,14.12
07091,Guntur - Delhi Passenger Special,SCoR,WL-SC,20.4,16.38,4142.5,0.628,3,0.72,24.07
07764,Guntur - Vijayawada MEMU Passenger,SCoR,GNT-RGDA,24.65,8.45,245.3,0.29,3,4.07,41.37
17239,Simhadri Daily Express,SCoR,GNT-BZA,67.3,34.14,4113.0,0.662,2,1.19,64.58
17240,Simhadri Daily Express,SCoR,BZA-EE,24.32,25.72,3720.4,0.198,2,2.76,26.53
17243,Guntur - Rayagada Express,SCoR,BZA-KI,24.8,31.62,8267.1,0.762,2,3.27,36.35
17244,Guntur - Rayagada Express,SCoR,GNT-NLR,15.85,5.47,4048.6,0.265,2,1.06,12.91
12705,Guntur - Secunderabad Intercity Express,SCR,BZA-VSKP,10.79,6.56,8035.3,0.1,2,1.44,13.34
12706,Guntur - Secunderabad Intercity Express,SCR,BZA-WL,3.23,3.5,7685.7,0.704,2,0.99,12.93
12743,Vijayawada - Gudur Amaravati Express,SCoR,WL-SC,2.2,2.25,4078.1,0.143,2,2.74,15.45
12744,Vijayawada - Gudur Amaravati Express,SCoR,GNT-RGDA,2.77,4.81,8007.3,0.186,2,1.4,8.34
12077,Vijayawada Jan Shatabdi Express,SCoR,GNT-BZA,1.93,34.55,401.4,0.491,1,4.01,10.83
12078,Vijayawada Jan Shatabdi Express,SCoR,BZA-EE,1.81,2.02,7859.2,0.599,1,3.8,13.79
16031,Andaman Express,SCoR,BZA-KI,21.85,33.12,3862.4,0.734,3,2.83,35.42
16032,Andaman Express,SCoR,GNT-NLR,2.92,23.4,7884.3,0.448,3,1.89,9.12
17201,Golconda Express,SCR,BZA-VSKP,16.09,30.87,8215.3,0.768,3,1.14,26.44
17202,Golconda Express,SCR,BZA-WL,20.43,5.09,7808.3,0.19,3,0.0,25.55
17656,Kacheguda - Puducherry Express,SCR,WL-SC,0.91,21.52,3909.9,0.1,2,0.0,9.32
22117,Kacheguda - Guntur AC Double Decker Express,SCR,GNT-RGDA,0.31,12.6,8216.8,0.1,1,2.18,0.0
22118,Kacheguda - Guntur AC Double Decker Express,SCR,GNT-BZA,31.41,3.05,458.8,0.28,1,0.31,44.37
12002,Bhopal Shatabdi Express,NCR,CNB-ALD,19.5,19.33,8227.2,0.679,1,1.23,18.86
12001,Bhopal Shatabdi Express,NCR,NDLS-GZB,8.94,25.11,8082.7,0.43,1,3.14,10.52
12049,Gatimaan Express,NCR,GZB-ALJN,11.04,28.85,1220.9,0.347,1,0.01,11.64
12050,Gatimaan Express,NCR,ALJN-TDL,18.2,10.34,1472.9,0.347,1,4.07,20.77
20172,Rani Kamalapati Vande Bharat,NCR,TDL-AGC,23.84,8.37,7889.8,0.415,1,0.83,22.9
20171,Rani Kamalapati Vande Bharat,NCR,AGC-DHO,10.83,17.89,462.2,0.117,1,0.84,20.33
12279,Taj Express,NCR,DHO-GWL,10.36,10.32,7919.9,0.435,2,1.54,11.72
12280,Taj Express,NCR,GWL-DBA,0.84,28.21,8154.7,0.765,2,1.95,11.38
12452,Shram Shakti Express,NCR,DBA-JHS,15.74,16.82,8292.0,0.472,2,1.7,16.67
12451,Shram Shakti Express,NCR,NDLS-CNB,1.22,16.31,1397.1,0.301,2,1.12,5.59
12417,Prayagraj Express,NCR,CNB-ALD,22.14,18.71,4117.0,0.468,2,2.35,29.25
12418,Prayagraj Express,NCR,NDLS-GZB,0.44,11.31,7894.4,0.679,2,2.11,10.75
12559,Shiv Ganga Express,NCR,GZB-ALJN,8.7,32.26,7830.3,0.414,2,1.82,12.86
12560,Shiv Ganga Express,NCR,ALJN-TDL,18.73,11.36,7821.8,0.316,2,1.49,22.79
12137,Punjab Mail,NCR,TDL-AGC,23.77,32.37,8029.6,0.532,2,0.22,29.73
12138,Punjab Mail,NCR,AGC-DHO,5.5,3.32,8076.2,0.385,2,0.0,16.89
12615,Grand Trunk Express,NCR,DHO-GWL,2.92,22.07,3881.0,0.325,2,1.1,4.92
12616,Grand Trunk Express,NCR,GWL-DBA,1.55,11.31,7938.4,0.291,2,2.02,9.04
13007,Ashutosh Toofan Express,NCR,DBA-JHS,4.39,22.21,7843.4,0.585,3,1.23,15.29
13008,Ashutosh Toofan Express,NCR,NDLS-CNB,15.87,27.16,7952.5,0.787,3,0.84,27.56
04414,Delhi - Aligarh MEMU Passenger,NCR,CNB-ALD,9.2,8.32,7850.9,0.241,3,1.31,13.79
04183,Tundla - Delhi MEMU Passenger,NCR,NDLS-GZB,4.71,26.07,7994.0,0.358,3,0.7,14.88
04159,Kanpur - Tundla MEMU Passenger,NCR,GZB-ALJN,13.98,15.88,7986.7,0.437,3,1.86,19.17
01888,Gwalior - Agra Cantt Passenger,NCR,ALJN-TDL,8.77,6.11,4025.3,0.669,3,1.06,17.77
07091,Guntur - Delhi Passenger Special,SCoR,BZA-EE,0.89,1.41,279.6,0.435,3,0.71,29.21
07764,Guntur - Vijayawada MEMU Passenger,SCoR,BZA-KI,1.24,23.45,1134.6,0.673,3,1.11,12.24
17239,Simhadri Daily Express,SCoR,GNT-NLR,11.45,27.34,3912.5,0.496,2,2.61,15.75
17240,Simhadri Daily Express,SCoR,BZA-VSKP,16.54,28.6,4269.9,0.449,2,0.25,13.04
17243,Guntur - Rayagada Express,SCoR,BZA-WL,6.95,21.84,327.4,0.285,2,2.48,20.56
17244,Guntur - Rayagada Express,SCoR,WL-SC,22.49,32.24,8039.9,0.179,2,2.3,26.22
12705,Guntur - Secunderabad Intercity Express,SCR,GNT-RGDA,9.45,34.48,460.0,0.261,2,0.0,23.45
12706,Guntur - Secunderabad Intercity Express,SCR,GNT-BZA,10.71,18.28,8255.3,0.58,2,0.75,14.83
12743,Vijayawada - Gudur Amaravati Express,SCoR,BZA-EE,7.43,1.32,7968.6,0.203,2,0.0,20.27
12744,Vijayawada - Gudur Amaravati Express,SCoR,BZA-KI,5.27,27.65,4066.7,0.248,2,0.52,3.6
12077,Vijayawada Jan Shatabdi Express,SCoR,GNT-NLR,15.36,31.13,3787.2,0.1,1,0.81,11.84
12078,Vijayawada Jan Shatabdi Express,SCoR,BZA-VSKP,12.34,3.21,4383.7,0.433,1,0.75,19.17
16031,Andaman Express,SCoR,BZA-WL,20.92,17.94,7974.5,0.202,3,2.32,24.52
16032,Andaman Express,SCoR,WL-SC,6.83,4.01,7867.1,0.665,3,3.72,17.51
17201,Golconda Express,SCR,GNT-RGDA,6.33,29.55,8039.2,0.475,3,1.67,9.13
17202,Golconda Express,SCR,GNT-BZA,4.26,32.98,8154.9,0.284,3,0.86,9.5
17656,Kacheguda - Puducherry Express,SCR,BZA-EE,6.89,25.8,1465.8,0.635,2,1.92,10.59
22117,Kacheguda - Guntur AC Double Decker Express,SCR,BZA-KI,0.86,2.94,7868.3,0.348,1,0.39,13.41
22118,Kacheguda - Guntur AC Double Decker Express,SCR,GNT-NLR,0.81,17.58,7959.3,0.598,1,1.8,0.87
12002,Bhopal Shatabdi Express,NCR,ALJN-TDL,9.86,32.85,7765.6,0.465,1,2.18,11.59
12001,Bhopal Shatabdi Express,NCR,TDL-AGC,11.25,12.88,7994.7,0.385,1,2.72,20.09
12049,Gatimaan Express,NCR,AGC-DHO,1.46,30.24,4026.5,0.328,1,0.51,2.51
12050,Gatimaan Express,NCR,DHO-GWL,7.45,15.0,4135.6,0.245,1,0.72,7.16
20172,Rani Kamalapati Vande Bharat,NCR,GWL-DBA,18.52,7.85,7927.6,0.433,1,1.61,20.03
20171,Rani Kamalapati Vande Bharat,NCR,DBA-JHS,50.39,27.25,7765.5,0.493,1,0.33,53.47
12279,Taj Express,NCR,NDLS-CNB,12.83,28.95,8017.0,0.111,2,3.14,14.48
12280,Taj Express,NCR,CNB-ALD,9.14,6.37,3971.2,0.17,2,1.1,12.13
12452,Shram Shakti Express,NCR,NDLS-GZB,2.44,31.4,3970.1,0.174,2,3.19,6.87
12451,Shram Shakti Express,NCR,GZB-ALJN,13.23,22.58,7993.2,0.237,2,2.92,20.43
12417,Prayagraj Express,NCR,ALJN-TDL,26.52,3.7,4050.8,0.161,2,1.92,41.81
12418,Prayagraj Express,NCR,TDL-AGC,7.38,13.17,7982.3,0.192,2,0.82,11.05
12559,Shiv Ganga Express,NCR,AGC-DHO,5.13,16.31,4182.6,0.643,2,2.97,6.25
12560,Shiv Ganga Express,NCR,DHO-GWL,13.53,12.05,4048.7,0.249,2,3.15,19.2
12137,Punjab Mail,NCR,GWL-DBA,8.63,11.38,8077.1,0.321,2,2.3,14.81
12138,Punjab Mail,NCR,DBA-JHS,13.33,20.05,7963.8,0.417,2,1.8,17.7
12615,Grand Trunk Express,NCR,NDLS-CNB,1.41,15.37,8049.8,0.488,2,2.4,6.5
12616,Grand Trunk Express,NCR,CNB-ALD,0.22,33.74,4092.3,0.62,2,1.91,2.19
13007,Ashutosh Toofan Express,NCR,NDLS-GZB,9.34,4.28,7997.1,0.617,3,2.44,24.46
13008,Ashutosh Toofan Express,NCR,GZB-ALJN,26.74,7.3,8256.6,0.617,3,0.62,33.46
04414,Delhi - Aligarh MEMU Passenger,NCR,ALJN-TDL,21.36,21.37,8146.3,0.382,3,4.73,28.11
04183,Tundla - Delhi MEMU Passenger,NCR,TDL-AGC,17.84,21.47,925.4,0.833,3,0.28,48.36
04159,Kanpur - Tundla MEMU Passenger,NCR,AGC-DHO,8.62,4.54,8325.6,0.198,3,2.23,17.8
01888,Gwalior - Agra Cantt Passenger,NCR,DHO-GWL,3.52,13.3,8029.2,0.731,3,0.43,11.46
07091,Guntur - Delhi Passenger Special,SCoR,BZA-VSKP,8.72,1.19,7953.6,0.198,3,4.78,24.82
07764,Guntur - Vijayawada MEMU Passenger,SCoR,BZA-WL,1.09,21.98,8100.7,0.795,3,1.02,11.02
17239,Simhadri Daily Express,SCoR,WL-SC,6.02,15.34,8040.1,0.351,2,0.85,7.64
17240,Simhadri Daily Express,SCoR,GNT-RGDA,3.57,3.02,4022.0,0.218,2,0.43,15.01
17243,Guntur - Rayagada Express,SCoR,GNT-BZA,6.51,26.54,7966.3,0.156,2,2.89,8.41
17244,Guntur - Rayagada Express,SCoR,BZA-EE,24.83,25.62,8113.8,0.17,2,1.35,21.09
12705,Guntur - Secunderabad Intercity Express,SCR,BZA-KI,0.54,5.18,4189.9,0.182,2,2.51,3.41
12706,Guntur - Secunderabad Intercity Express,SCR,GNT-NLR,4.39,27.83,8137.9,0.408,2,0.0,5.21
12743,Vijayawada - Gudur Amaravati Express,SCoR,BZA-VSKP,10.47,13.62,4154.9,0.612,2,0.04,11.38
12744,Vijayawada - Gudur Amaravati Express,SCoR,BZA-WL,2.01,1.87,4116.9,0.1,2,2.83,13.5
12077,Vijayawada Jan Shatabdi Express,SCoR,WL-SC,11.17,13.4,7996.0,0.442,1,0.12,11.52
12078,Vijayawada Jan Shatabdi Express,SCoR,GNT-RGDA,5.82,2.33,8001.0,0.224,1,0.0,15.6
16031,Andaman Express,SCoR,GNT-BZA,27.64,4.95,504.5,0.597,3,0.0,41.75
16032,Andaman Express,SCoR,BZA-EE,9.68,19.42,1221.4,0.212,3,0.0,16.34
17201,Golconda Express,SCR,BZA-KI,40.72,19.96,7839.1,0.46,3,4.3,51.45
17202,Golconda Express,SCR,GNT-NLR,11.63,7.84,8293.8,0.469,3,1.82,19.53
17656,Kacheguda - Puducherry Express,SCR,BZA-VSKP,24.48,5.44,1240.4,0.338,2,0.09,29.86
22117,Kacheguda - Guntur AC Double Decker Express,SCR,BZA-WL,10.66,13.76,7992.3,0.615,1,4.76,9.54
22118,Kacheguda - Guntur AC Double Decker Express,SCR,WL-SC,24.08,34.35,8078.2,0.343,1,1.25,23.49
12002,Bhopal Shatabdi Express,NCR,DHO-GWL,11.82,32.5,7558.9,0.713,1,1.01,11.92
12001,Bhopal Shatabdi Express,NCR,GWL-DBA,5.33,28.35,8143.0,0.402,1,2.36,8.26
12049,Gatimaan Express,NCR,DBA-JHS,12.89,27.05,1313.1,0.221,1,0.0,11.1
12050,Gatimaan Express,NCR,NDLS-CNB,0.82,12.86,7716.0,0.252,1,1.5,0.0
20172,Rani Kamalapati Vande Bharat,NCR,CNB-ALD,3.17,10.55,1085.6,0.27,1,0.0,6.77
20171,Rani Kamalapati Vande Bharat,NCR,NDLS-GZB,12.28,34.29,4204.1,0.153,1,2.7,17.44
12279,Taj Express,NCR,GZB-ALJN,0.89,24.21,8185.8,0.449,2,0.11,4.51
12280,Taj Express,NCR,ALJN-TDL,17.92,10.23,7895.8,0.403,2,1.52,21.67
12452,Shram Shakti Express,NCR,TDL-AGC,21.94,1.13,8023.3,0.137,2,2.37,42.47
12451,Shram Shakti Express,NCR,AGC-DHO,4.51,27.82,1327.6,0.369,2,3.88,12.84
12417,Prayagraj Express,NCR,DHO-GWL,0.05,6.68,4138.9,0.409,2,0.23,6.08
12418,Prayagraj Express,NCR,GWL-DBA,1.34,27.58,3979.1,0.852,2,1.52,11.85
12559,Shiv Ganga Express,NCR,DBA-JHS,5.54,2.78,1016.9,0.637,2,1.06,29.26
12560,Shiv Ganga Express,NCR,NDLS-CNB,25.46,8.34,3766.9,0.357,2,2.47,25.01
12137,Punjab Mail,NCR,CNB-ALD,14.99,7.77,1446.4,0.445,2,0.0,20.09
12138,Punjab Mail,NCR,NDLS-GZB,21.66,1.5,7965.7,0.142,2,0.0,39.21
12615,Grand Trunk Express,NCR,GZB-ALJN,39.73,18.65,3960.6,0.675,2,1.21,44.09
12616,Grand Trunk Express,NCR,ALJN-TDL,3.7,1.6,8015.3,0.497,2,0.0,21.0
13007,Ashutosh Toofan Express,NCR,TDL-AGC,18.19,16.57,8036.6,0.336,3,3.51,27.96
13008,Ashutosh Toofan Express,NCR,AGC-DHO,7.71,2.97,403.1,0.458,3,0.72,31.31
04414,Delhi - Aligarh MEMU Passenger,NCR,DHO-GWL,11.69,27.56,3952.3,0.502,3,0.1,20.42
04183,Tundla - Delhi MEMU Passenger,NCR,GWL-DBA,5.08,32.19,8148.1,0.556,3,1.31,9.08
04159,Kanpur - Tundla MEMU Passenger,NCR,DBA-JHS,8.33,24.11,8027.7,0.628,3,0.82,16.05
01888,Gwalior - Agra Cantt Passenger,NCR,NDLS-CNB,2.17,16.15,7935.6,0.481,3,1.9,13.7
07091,Guntur - Delhi Passenger Special,SCoR,GNT-RGDA,0.91,22.16,195.5,0.576,3,1.53,21.34
07764,Guntur - Vijayawada MEMU Passenger,SCoR,GNT-BZA,45.43,26.75,8270.7,0.202,3,2.91,48.87
17239,Simhadri Daily Express,SCoR,BZA-EE,0.15,1.31,8234.3,0.12,2,0.94,16.8
17240,Simhadri Daily Express,SCoR,BZA-KI,6.72,1.99,7880.6,0.345,2,1.28,18.43
17243,Guntur - Rayagada Express,SCoR,GNT-NLR,16.84,32.23,159.5,0.1,2,0.0,29.11
17244,Guntur - Rayagada Express,SCoR,BZA-VSKP,12.83,9.17,7771.1,0.454,2,2.32,10.76
12705,Guntur - Secunderabad Intercity Express,SCR,BZA-WL,10.41,18.57,1497.5,0.423,2,1.27,15.51
12706,Guntur - Secunderabad Intercity Express,SCR,WL-SC,18.19,17.2,8061.4,0.1,2,1.0,13.81
12743,Vijayawada - Gudur Amaravati Express,SCoR,GNT-RGDA,19.98,29.42,8029.8,0.455,2,1.63,26.77
12744,Vijayawada - Gudur Amaravati Express,SCoR,GNT-BZA,3.98,15.46,8052.2,0.219,2,0.0,1.61
12077,Vijayawada Jan Shatabdi Express,SCoR,BZA-EE,4.35,8.83,7846.5,0.693,1,0.0,4.02
12078,Vijayawada Jan Shatabdi Express,SCoR,BZA-KI,4.72,25.23,1131.0,0.246,1,3.21,6.6
16031,Andaman Express,SCoR,GNT-NLR,9.44,25.12,8034.3,0.286,3,2.28,10.14
16032,Andaman Express,SCoR,BZA-VSKP,15.04,26.81,8299.4,0.668,3,2.69,20.04
17201,Golconda Express,SCR,BZA-WL,15.67,30.3,8074.7,0.226,3,2.77,22.31
17202,Golconda Express,SCR,WL-SC,35.27,17.87,8068.1,0.325,3,1.41,38.71
17656,Kacheguda - Puducherry Express,SCR,GNT-RGDA,3.21,24.97,1268.2,0.466,2,2.34,10.05
22117,Kacheguda - Guntur AC Double Decker Express,SCR,GNT-BZA,2.37,28.2,3850.5,0.405,1,0.46,3.19
22118,Kacheguda - Guntur AC Double Decker Express,SCR,BZA-EE,19.12,9.52,4121.5,0.548,1,1.06,18.75
12002,Bhopal Shatabdi Express,NCR,NDLS-CNB,9.55,10.78,8187.5,0.176,1,3.34,7.5
12001,Bhopal Shatabdi Express,NCR,CNB-ALD,6.8,24.31,8139.8,0.441,1,2.84,10.88
12049,Gatimaan Express,NCR,NDLS-GZB,2.66,15.22,1155.9,0.247,1,1.44,2.46
12050,Gatimaan Express,NCR,GZB-ALJN,42.35,4.85,8011.6,0.395,1,0.0,43.45
20172,Rani Kamalapati Vande Bharat,NCR,ALJN-TDL,2.76,17.42,8142.3,0.231,1,1.71,0.0
20171,Rani Kamalapati Vande Bharat,NCR,TDL-AGC,10.97,22.2,3959.3,0.443,1,2.29,7.99
12279,Taj Express,NCR,AGC-DHO,24.13,33.19,8082.7,0.251,2,2.37,26.19
12280,Taj Express,NCR,DHO-GWL,3.5,16.31,361.6,0.624,2,1.47,16.27
12452,Shram Shakti Express,NCR,GWL-DBA,1.17,26.45,159.2,0.148,2,3.16,20.82
12451,Shram Shakti Express,NCR,DBA-JHS,1.15,7.78,1054.0,0.333,2,1.42,7.2
12417,Prayagraj Express,NCR,NDLS-CNB,15.83,21.63,4061.2,0.454,2,2.39,22.02
12418,Prayagraj Express,NCR,CNB-ALD,16.07,18.73,8102.2,0.537,2,0.56,16.82
12559,Shiv Ganga Express,NCR,NDLS-GZB,27.09,23.66,1521.2,0.327,2,3.56,33.2
12560,Shiv Ganga Express,NCR,GZB-ALJN,0.79,29.04,8027.6,0.319,2,1.48,2.54
12137,Punjab Mail,NCR,ALJN-TDL,31.43,4.58,1462.4,0.23,2,1.16,42.68
12138,Punjab Mail,NCR,TDL-AGC,25.61,28.68,3844.2,0.416,2,5.04,36.15
12615,Grand Trunk Express,NCR,AGC-DHO,5.3,13.03,1099.8,0.575,2,1.89,13.82
12616,Grand Trunk Express,NCR,DHO-GWL,25.08,4.49,8001.4,0.298,2,2.08,31.25
13007,Ashutosh Toofan Express,NCR,GWL-DBA,11.32,6.45,4238.6,0.635,3,2.67,23.22
13008,Ashutosh Toofan Express,NCR,DBA-JHS,8.68,6.49,7957.8,0.495,3,1.13,12.88
04414,Delhi - Aligarh MEMU Passenger,NCR,NDLS-CNB,0.71,14.3,8090.0,0.303,3,3.75,8.36
04183,Tundla - Delhi MEMU Passenger,NCR,CNB-ALD,14.53,6.84,8152.3,0.508,3,1.6,21.59
04159,Kanpur - Tundla MEMU Passenger,NCR,NDLS-GZB,1.85,24.53,7881.6,0.569,3,1.14,9.07
01888,Gwalior - Agra Cantt Passenger,NCR,GZB-ALJN,18.89,3.35,8304.3,0.507,3,3.61,33.84
07091,Guntur - Delhi Passenger Special,SCoR,BZA-KI,7.97,12.34,1250.8,0.169,3,0.54,17.33
07764,Guntur - Vijayawada MEMU Passenger,SCoR,GNT-NLR,5.89,28.32,358.6,0.641,3,1.75,18.8
17239,Simhadri Daily Express,SCoR,BZA-VSKP,70.46,20.01,8201.9,0.457,2,0.77,59.0
17240,Simhadri Daily Express,SCoR,BZA-WL,15.39,23.33,3968.7,0.62,2,2.3,21.38
17243,Guntur - Rayagada Express,SCoR,WL-SC,16.72,28.3,8062.2,0.601,2,0.97,17.48
17244,Guntur - Rayagada Express,SCoR,GNT-RGDA,26.53,26.5,481.2,0.59,2,2.63,39.74
12705,Guntur - Secunderabad Intercity Express,SCR,GNT-BZA,15.12,10.21,7817.4,0.281,2,1.52,20.1
12706,Guntur - Secunderabad Intercity Express,SCR,BZA-EE,2.5,3.62,4173.4,0.406,2,2.53,12.43
12743,Vijayawada - Gudur Amaravati Express,SCoR,BZA-KI,12.14,12.03,7992.1,0.647,2,2.52,12.8
12744,Vijayawada - Gudur Amaravati Express,SCoR,GNT-NLR,20.24,27.45,1057.6,0.567,2,0.0,20.79
12077,Vijayawada Jan Shatabdi Express,SCoR,BZA-VSKP,27.38,31.2,8174.7,0.399,1,2.41,24.92
12078,Vijayawada Jan Shatabdi Express,SCoR,BZA-WL,23.43,34.92,7985.4,0.297,1,1.34,23.36
16031,Andaman Express,SCoR,WL-SC,3.17,1.49,1003.2,0.514,3,2.79,29.61
16032,Andaman Express,SCoR,GNT-RGDA,11.76,30.39,4021.7,0.202,3,0.91,20.51
17201,Golconda Express,SCR,GNT-BZA,31.6,32.59,7790.1,0.273,3,2.16,35.28
17202,Golconda Express,SCR,BZA-EE,13.48,24.04,7902.0,0.681,3,0.61,19.59
17656,Kacheguda - Puducherry Express,SCR,BZA-KI,12.13,21.38,7940.3,0.711,2,1.91,19.42
22117,Kacheguda - Guntur AC Double Decker Express,SCR,GNT-NLR,14.43,29.5,1399.6,0.319,1,1.79,10.54
22118,Kacheguda - Guntur AC Double Decker Express,SCR,BZA-VSKP,3.89,32.32,3739.1,0.583,1,0.96,5.36
12002,Bhopal Shatabdi Express,NCR,GZB-ALJN,25.74,23.41,8039.2,0.627,1,1.8,27.48
12001,Bhopal Shatabdi Express,NCR,ALJN-TDL,43.51,16.81,1172.6,0.323,1,0.6,47.06
12049,Gatimaan Express,NCR,TDL-AGC,7.6,10.13,7894.3,0.372,1,1.43,9.87
12050,Gatimaan Express,NCR,AGC-DHO,3.91,28.14,7847.8,0.351,1,0.0,2.91
20172,Rani Kamalapati Vande Bharat,NCR,DHO-GWL,5.03,30.4,8049.8,0.519,1,1.07,5.68
20171,Rani Kamalapati Vande Bharat,NCR,GWL-DBA,10.43,18.19,7786.0,0.533,1,0.5,8.41
12279,Taj Express,NCR,DBA-JHS,15.49,20.53,3651.7,0.417,2,1.17,22.4
12280,Taj Express,NCR,NDLS-CNB,2.61,17.64,3501.3,0.1,2,1.06,4.61
12452,Shram Shakti Express,NCR,CNB-ALD,17.25,5.28,7705.4,0.468,2,1.85,19.78
12451,Shram Shakti Express,NCR,NDLS-GZB,5.59,23.5,7806.3,0.536,2,0.85,10.44
12417,Prayagraj Express,NCR,GZB-ALJN,42.05,20.42,7971.4,0.664,2,2.92,46.02
12418,Prayagraj Express,NCR,ALJN-TDL,19.07,6.95,3897.6,0.382,2,0.44,24.52
12559,Shiv Ganga Express,NCR,TDL-AGC,11.84,26.51,8056.3,0.1,2,0.38,14.73
12560,Shiv Ganga Express,NCR,AGC-DHO,28.69,16.91,7909.0,0.706,2,2.91,32.61
12137,Punjab Mail,NCR,DHO-GWL,2.25,2.04,8021.2,0.1,2,2.56,11.42
12138,Punjab Mail,NCR,GWL-DBA,21.93,6.46,8258.7,0.14,2,1.8,26.13
12615,Grand Trunk Express,NCR,DBA-JHS,3.96,6.9,7932.5,0.545,2,0.96,9.74
12616,Grand Trunk Express,NCR,NDLS-CNB,31.77,14.17,8277.3,0.61,2,2.11,34.41
13007,Ashutosh Toofan Express,NCR,CNB-ALD,3.7,21.79,4130.4,0.261,3,2.14,13.45
13008,Ashutosh Toofan Express,NCR,NDLS-GZB,55.39,11.6,8220.9,0.495,3,0.94,61.87
04414,Delhi - Aligarh MEMU Passenger,NCR,GZB-ALJN,31.68,3.1,8048.6,0.184,3,2.08,45.81
04183,Tundla - Delhi MEMU Passenger,NCR,ALJN-TDL,13.01,26.54,955.4,0.509,3,2.26,23.15
04159,Kanpur - Tundla MEMU Passenger,NCR,TDL-AGC,6.36,14.68,1370.3,0.24,3,0.91,19.69
01888,Gwalior - Agra Cantt Passenger,NCR,AGC-DHO,1.53,25.99,7961.2,0.712,3,0.05,9.91
07091,Guntur - Delhi Passenger Special,SCoR,BZA-WL,1.49,19.59,589.6,0.1,3,2.47,11.81
07764,Guntur - Vijayawada MEMU Passenger,SCoR,WL-SC,0.13,29.1,1056.0,0.57,3,1.68,8.58
17239,Simhadri Daily Express,SCoR,GNT-RGDA,16.11,2.1,3857.2,0.713,2,2.2,28.66
17240,Simhadri Daily Express,SCoR,GNT-BZA,0.62,2.79,3870.9,0.14,2,0.0,15.09
17243,Guntur - Rayagada Express,SCoR,BZA-EE,20.82,28.9,7806.9,0.256,2,0.74,25.17
17244,Guntur - Rayagada Express,SCoR,BZA-KI,3.0,13.95,1190.3,0.191,2,1.73,10.55
12705,Guntur - Secunderabad Intercity Express,SCR,GNT-NLR,9.1,2.11,7827.9,0.319,2,2.04,19.61
12706,Guntur - Secunderabad Intercity Express,SCR,BZA-VSKP,1.48,21.84,294.0,0.25,2,2.89,12.72
12743,Vijayawada - Gudur Amaravati Express,SCoR,BZA-WL,20.23,21.8,7930.2,0.166,2,0.47,19.65
12744,Vijayawada - Gudur Amaravati Express,SCoR,WL-SC,2.05,29.13,7940.6,0.198,2,1.52,0.0
12077,Vijayawada Jan Shatabdi Express,SCoR,GNT-RGDA,38.07,8.5,1405.6,0.587,1,3.46,44.05
12078,Vijayawada Jan Shatabdi Express,SCoR,GNT-BZA,20.88,5.98,1124.6,0.563,1,1.28,24.09
16031,Andaman Express,SCoR,BZA-EE,22.31,17.46,8100.9,0.1,3,2.0,29.91
16032,Andaman Express,SCoR,BZA-KI,35.19,14.61,1287.5,0.45,3,2.03,41.98
17201,Golconda Express,SCR,GNT-NLR,3.02,11.45,7825.7,0.183,3,0.93,8.08
17202,Golconda Express,SCR,BZA-VSKP,1.27,1.56,3886.6,0.153,3,1.05,16.74
17656,Kacheguda - Puducherry Express,SCR,BZA-WL,24.34,32.5,7713.6,0.628,2,1.54,26.37
22117,Kacheguda - Guntur AC Double Decker Express,SCR,WL-SC,10.65,14.52,394.4,0.1,1,1.21,20.52
22118,Kacheguda - Guntur AC Double Decker Express,SCR,GNT-RGDA,9.58,2.72,8064.8,0.379,1,0.84,18.95
12002,Bhopal Shatabdi Express,NCR,AGC-DHO,4.94,30.6,7865.5,0.63,1,0.0,3.19
12001,Bhopal Shatabdi Express,NCR,DHO-GWL,6.02,19.02,8199.3,0.468,1,1.3,3.08
12049,Gatimaan Express,NCR,GWL-DBA,13.66,2.93,7737.2,0.756,1,2.13,28.32
12050,Gatimaan Express,NCR,DBA-JHS,27.12,11.11,7780.0,0.234,1,2.67,25.86
20172,Rani Kamalapati Vande Bharat,NCR,NDLS-CNB,16.07,13.26,3950.4,0.343,1,2.23,18.15
20171,Rani Kamalapati Vande Bharat,NCR,CNB-ALD,10.35,30.45,8342.2,0.603,1,0.56,9.83
12279,Taj Express,NCR,NDLS-GZB,32.7,24.43,1265.6,0.579,2,2.3,37.9
12280,Taj Express,NCR,GZB-ALJN,3.5,30.43,8135.1,0.344,2,3.53,8.74
12452,Shram Shakti Express,NCR,ALJN-TDL,6.73,10.38,1467.3,0.682,2,0.53,14.14
12451,Shram Shakti Express,NCR,TDL-AGC,0.74,5.45,3873.0,0.622,2,2.14,3.47
12417,Prayagraj Express,NCR,AGC-DHO,9.53,6.94,8286.7,0.413,2,3.45,17.58
12418,Prayagraj Express,NCR,DHO-GWL,8.32,3.36,7749.7,0.73,2,1.16,22.15
12559,Shiv Ganga Express,NCR,GWL-DBA,14.36,31.61,921.3,0.423,2,2.28,22.65
12560,Shiv Ganga Express,NCR,DBA-JHS,12.05,21.18,7864.3,0.866,2,2.35,25.15
12137,Punjab Mail,NCR,NDLS-CNB,1.31,14.67,4097.0,0.28,2,0.0,2.81
12138,Punjab Mail,NCR,CNB-ALD,0.16,19.37,1211.9,0.468,2,0.49,2.39
12615,Grand Trunk Express,NCR,NDLS-GZB,3.3,4.23,8225.5,0.341,2,0.83,14.86
12616,Grand Trunk Express,NCR,GZB-ALJN,4.38,14.69,3827.0,0.716,2,1.89,12.79
13007,Ashutosh Toofan Express,NCR,ALJN-TDL,16.8,30.68,8159.2,0.328,3,0.95,20.47
13008,Ashutosh Toofan Express,NCR,TDL-AGC,11.52,29.9,7991.9,0.316,3,1.6,21.33
04414,Delhi - Aligarh MEMU Passenger,NCR,AGC-DHO,9.43,8.95,3864.4,0.685,3,2.5,17.91
04183,Tundla - Delhi MEMU Passenger,NCR,DHO-GWL,19.92,20.83,4209.9,0.11,3,0.4,28.15
04159,Kanpur - Tundla MEMU Passenger,NCR,GWL-DBA,0.25,11.74,7963.6,0.38,3,3.21,6.54
01888,Gwalior - Agra Cantt Passenger,NCR,DBA-JHS,7.27,15.02,322.1,0.334,3,1.91,26.35
07091,Guntur - Delhi Passenger Special,SCoR,GNT-BZA,2.12,23.38,80.7,0.1,3,1.24,23.12
07764,Guntur - Vijayawada MEMU Passenger,SCoR,BZA-EE,5.88,23.43,7921.1,0.392,3,2.11,12.21
17239,Simhadri Daily Express,SCoR,BZA-KI,11.05,20.78,7820.7,0.276,2,0.49,16.43
17240,Simhadri Daily Express,SCoR,GNT-NLR,9.65,21.24,923.1,0.672,2,1.59,16.13
17243,Guntur - Rayagada Express,SCoR,BZA-VSKP,4.22,5.88,8120.6,0.854,2,2.11,16.3
17244,Guntur - Rayagada Express,SCoR,BZA-WL,21.15,3.73,8164.3,0.433,2,1.38,30.96
12705,Guntur - Secunderabad Intercity Express,SCR,WL-SC,0.49,14.78,7878.0,0.485,2,0.69,2.74
12706,Guntur - Secunderabad Intercity Express,SCR,GNT-RGDA,6.95,22.89,8019.7,0.488,2,0.86,11.55
12743,Vijayawada - Gudur Amaravati Express,SCoR,GNT-BZA,5.23,28.19,4181.3,0.32,2,2.13,8.17
12744,Vijayawada - Gudur Amaravati Express,SCoR,BZA-EE,9.35,21.57,8165.4,0.659,2,0.76,8.95
12077,Vijayawada Jan Shatabdi Express,SCoR,BZA-KI,13.18,3.72,8019.8,0.372,1,1.35,18.5
12078,Vijayawada Jan Shatabdi Express,SCoR,GNT-NLR,8.6,17.43,7970.3,0.228,1,3.78,6.27
16031,Andaman Express,SCoR,BZA-VSKP,12.45,2.55,199.5,0.208,3,0.0,35.21
16032,Andaman Express,SCoR,BZA-WL,5.32,34.64,4146.7,0.114,3,3.62,10.9
17201,Golconda Express,SCR,WL-SC,4.9,7.02,7990.4,0.336,3,0.0,9.64
17202,Golconda Express,SCR,GNT-RGDA,1.22,7.09,1276.7,0.795,3,0.0,17.28
17656,Kacheguda - Puducherry Express,SCR,GNT-BZA,3.05,14.58,8007.7,0.172,2,2.94,6.99
22117,Kacheguda - Guntur AC Double Decker Express,SCR,BZA-EE,19.57,30.46,7880.7,0.838,1,2.82,22.84
22118,Kacheguda - Guntur AC Double Decker Express,SCR,BZA-KI,1.71,6.4,644.4,0.778,1,2.87,14.75
12002,Bhopal Shatabdi Express,NCR,DBA-JHS,10.28,6.49,8314.4,0.476,1,0.75,13.25
12001,Bhopal Shatabdi Express,NCR,NDLS-CNB,10.06,28.07,3838.4,0.131,1,3.67,6.13
12049,Gatimaan Express,NCR,CNB-ALD,8.65,10.8,7724.0,0.37,1,1.07,8.73
12050,Gatimaan Express,NCR,NDLS-GZB,1.15,22.27,3805.1,0.891,1,2.62,10.46
20172,Rani Kamalapati Vande Bharat,NCR,GZB-ALJN,10.9,28.55,8048.1,0.512,1,0.55,8.77
20171,Rani Kamalapati Vande Bharat,NCR,ALJN-TDL,9.72,20.99,7840.1,0.229,1,0.0,9.77
12279,Taj Express,NCR,TDL-AGC,6.14,28.6,8200.5,0.304,2,0.0,12.16
12280,Taj Express,NCR,AGC-DHO,69.51,25.49,8029.8,0.481,2,3.96,71.64
12452,Shram Shakti Express,NCR,DHO-GWL,3.28,26.77,1079.0,0.1,2,1.63,12.75
12451,Shram Shakti Express,NCR,GWL-DBA,17.42,24.52,294.9,0.236,2,0.0,36.5
12417,Prayagraj Express,NCR,DBA-JHS,8.43,11.61,8193.5,0.769,2,0.74,17.38
12418,Prayagraj Express,NCR,NDLS-CNB,5.55,26.54,1211.4,0.276,2,0.9,10.71
12559,Shiv Ganga Express,NCR,CNB-ALD,7.99,4.71,8148.5,0.197,2,0.98,14.29
12560,Shiv Ganga Express,NCR,NDLS-GZB,14.07,33.13,4063.5,0.769,2,1.07,20.69
12137,Punjab Mail,NCR,GZB-ALJN,19.46,30.29,7980.7,0.346,2,2.21,24.72
12138,Punjab Mail,NCR,ALJN-TDL,1.69,24.97,3936.1,0.121,2,1.59,5.07
12615,Grand Trunk Express,NCR,TDL-AGC,7.74,29.87,8050.8,0.252,2,0.48,14.11
12616,Grand Trunk Express,NCR,AGC-DHO,21.23,25.12,7977.2,0.343,2,1.93,25.76
13007,Ashutosh Toofan Express,NCR,DHO-GWL,1.43,14.86,1359.8,0.483,3,0.62,10.53
13008,Ashutosh Toofan Express,NCR,GWL-DBA,5.53,13.14,8005.9,0.726,3,1.53,16.61
04414,Delhi - Aligarh MEMU Passenger,NCR,DBA-JHS,13.06,21.24,7984.0,0.668,3,0.31,26.8
04183,Tundla - Delhi MEMU Passenger,NCR,NDLS-CNB,7.35,9.73,897.2,0.411,3,1.53,17.82
04159,Kanpur - Tundla MEMU Passenger,NCR,CNB-ALD,2.74,15.24,7976.1,0.375,3,1.68,9.41
01888,Gwalior - Agra Cantt Passenger,NCR,NDLS-GZB,31.71,15.64,7673.4,0.247,3,2.47,39.89
07091,Guntur - Delhi Passenger Special,SCoR,GNT-NLR,19.46,12.6,7931.9,0.192,3,1.83,22.36
07764,Guntur - Vijayawada MEMU Passenger,SCoR,BZA-VSKP,7.92,34.55,1237.2,0.114,3,2.3,13.66
17239,Simhadri Daily Express,SCoR,BZA-WL,4.94,29.14,7840.4,0.548,2,2.07,10.25
17240,Simhadri Daily Express,SCoR,WL-SC,28.28,17.76,7954.8,0.406,2,2.06,27.94
17243,Guntur - Rayagada Express,SCoR,GNT-RGDA,1.57,22.59,8072.8,0.232,2,1.01,3.61
17244,Guntur - Rayagada Express,SCoR,GNT-BZA,17.61,32.78,351.2,0.399,2,2.62,24.68
12705,Guntur - Secunderabad Intercity Express,SCR,BZA-EE,2.09,24.5,8005.2,0.1,2,3.06,3.33
12706,Guntur - Secunderabad Intercity Express,SCR,BZA-KI,6.4,2.35,7888.7,0.331,2,1.02,21.19
12743,Vijayawada - Gudur Amaravati Express,SCoR,GNT-NLR,47.72,13.97,1379.6,0.1,2,2.08,41.64
12744,Vijayawada - Gudur Amaravati Express,SCoR,BZA-VSKP,12.12,13.1,7833.8,0.534,2,0.76,11.93
12077,Vijayawada Jan Shatabdi Express,SCoR,BZA-WL,4.28,22.86,3852.2,0.635,1,0.0,3.3
12078,Vijayawada Jan Shatabdi Express,SCoR,WL-SC,13.82,1.86,4120.2,0.338,1,0.63,22.9
16031,Andaman Express,SCoR,GNT-RGDA,1.91,11.13,7840.8,0.333,3,3.48,13.09
16032,Andaman Express,SCoR,GNT-BZA,2.61,6.65,762.1,0.403,3,2.64,16.09
17201,Golconda Express,SCR,BZA-EE,0.61,9.74,8111.6,0.356,3,0.0,6.94
17202,Golconda Express,SCR,BZA-KI,28.84,20.34,1118.8,0.625,3,2.7,40.36
17656,Kacheguda - Puducherry Express,SCR,GNT-NLR,16.24,28.37,1285.7,0.299,2,3.44,17.63
22117,Kacheguda - Guntur AC Double Decker Express,SCR,BZA-VSKP,5.3,22.58,8044.6,0.504,1,0.49,2.66
22118,Kacheguda - Guntur AC Double Decker Express,SCR,BZA-WL,27.39,18.85,3611.7,0.61,1,2.65,27.26
12002,Bhopal Shatabdi Express,NCR,NDLS-GZB,9.6,6.21,4227.8,0.491,1,1.97,8.5
12001,Bhopal Shatabdi Express,NCR,GZB-ALJN,27.32,5.06,8029.5,0.297,1,1.01,31.88
12049,Gatimaan Express,NCR,ALJN-TDL,24.45,4.0,1150.7,0.377,1,0.5,31.78
12050,Gatimaan Express,NCR,TDL-AGC,2.86,2.41,8078.1,0.544,1,1.56,16.63
20172,Rani Kamalapati Vande Bharat,NCR,AGC-DHO,3.6,2.8,3944.9,0.108,1,3.05,15.91
20171,Rani Kamalapati Vande Bharat,NCR,DHO-GWL,42.01,25.74,175.6,0.294,1,3.14,56.68
12279,Taj Express,NCR,GWL-DBA,8.08,18.97,7788.2,0.199,2,0.57,6.74
12280,Taj Express,NCR,DBA-JHS,32.41,32.37,8112.7,0.713,2,2.22,39.83
12452,Shram Shakti Express,NCR,NDLS-CNB,0.14,19.8,3870.5,0.156,2,1.95,0.0
12451,Shram Shakti Express,NCR,CNB-ALD,0.93,4.61,1105.5,0.335,2,1.64,10.55
12417,Prayagraj Express,NCR,NDLS-GZB,1.52,2.24,7988.1,0.35,2,0.0,21.81
12418,Prayagraj Express,NCR,GZB-ALJN,10.15,12.3,7786.4,0.464,2,1.84,16.01
12559,Shiv Ganga Express,NCR,ALJN-TDL,14.48,10.7,3827.3,0.372,2,2.55,18.83
12560,Shiv Ganga Express,NCR,TDL-AGC,11.31,19.58,8139.9,0.457,2,1.54,16.32
12137,Punjab Mail,NCR,AGC-DHO,11.09,3.71,4059.0,0.314,2,0.9,24.11
12138,Punjab Mail,NCR,DHO-GWL,25.43,23.06,1057.4,0.339,2,2.85,33.61
12615,Grand Trunk Express,NCR,GWL-DBA,7.71,8.68,3894.3,0.404,2,1.15,11.61
12616,Grand Trunk Express,NCR,DBA-JHS,17.59,15.47,4196.7,0.332,2,0.47,25.41
13007,Ashutosh Toofan Express,NCR,NDLS-CNB,1.72,32.8,1141.9,0.357,3,0.41,8.5
13008,Ashutosh Toofan Express,NCR,CNB-ALD,14.48,27.02,489.3,0.296,3,0.75,35.22
04414,Delhi - Aligarh MEMU Passenger,NCR,NDLS-GZB,45.07,13.82,1332.9,0.591,3,0.69,52.82
04183,Tundla - Delhi MEMU Passenger,NCR,GZB-ALJN,16.94,14.39,4244.4,0.336,3,1.12,22.55
04159,Kanpur - Tundla MEMU Passenger,NCR,ALJN-TDL,6.13,2.95,3844.0,0.514,3,1.66,15.9
01888,Gwalior - Agra Cantt Passenger,NCR,TDL-AGC,0.09,24.52,3983.4,0.304,3,0.0,9.69
07091,Guntur - Delhi Passenger Special,SCoR,WL-SC,19.18,30.39,8245.8,0.404,3,1.46,26.34
07764,Guntur - Vijayawada MEMU Passenger,SCoR,GNT-RGDA,2.74,29.1,3967.4,0.1,3,0.36,8.43
17239,Simhadri Daily Express,SCoR,GNT-BZA,1.66,11.13,968.6,0.296,2,1.29,9.45
17240,Simhadri Daily Express,SCoR,BZA-EE,2.37,31.3,8046.0,0.132,2,1.38,1.19
17243,Guntur - Rayagada Express,SCoR,BZA-KI,6.71,1.92,1176.0,0.622,2,2.82,20.97
17244,Guntur - Rayagada Express,SCoR,GNT-NLR,31.39,33.71,7738.7,0.285,2,0.19,29.23
12705,Guntur - Secunderabad Intercity Express,SCR,BZA-VSKP,1.03,6.25,7906.1,0.1,2,1.31,4.84
12706,Guntur - Secunderabad Intercity Express,SCR,BZA-WL,10.15,31.93,8006.8,0.537,2,0.0,13.81
12743,Vijayawada - Gudur Amaravati Express,SCoR,WL-SC,9.15,14.79,7729.4,0.742,2,1.68,19.01
12744,Vijayawada - Gudur Amaravati Express,SCoR,GNT-RGDA,55.61,21.79,7908.4,0.615,2,0.0,64.32
12077,Vijayawada Jan Shatabdi Express,SCoR,GNT-BZA,10.31,12.63,1188.3,0.344,1,0.0,13.99
12078,Vijayawada Jan Shatabdi Express,SCoR,BZA-EE,40.92,20.42,1231.4,0.1,1,2.25,41.45
16031,Andaman Express,SCoR,BZA-KI,6.02,30.48,7866.8,0.441,3,0.0,11.75
16032,Andaman Express,SCoR,GNT-NLR,8.96,24.38,7980.2,0.3,3,0.0,12.25
17201,Golconda Express,SCR,BZA-VSKP,44.22,14.98,7855.0,0.43,3,2.41,47.45
17202,Golconda Express,SCR,BZA-WL,1.11,24.01,8226.4,0.513,3,2.95,10.63
17656,Kacheguda - Puducherry Express,SCR,WL-SC,9.44,5.27,7770.9,0.34,2,0.8,10.92
22117,Kacheguda - Guntur AC Double Decker Express,SCR,GNT-RGDA,5.95,34.2,305.5,0.699,1,0.43,22.66
22118,Kacheguda - Guntur AC Double Decker Express,SCR,GNT-BZA,22.36,13.23,4057.5,0.334,1,0.0,19.33
12002,Bhopal Shatabdi Express,NCR,TDL-AGC,14.19,27.05,7910.7,0.41,1,2.82,17.83
12001,Bhopal Shatabdi Express,NCR,AGC-DHO,11.29,32.11,7826.9,0.271,1,2.53,2.34
12049,Gatimaan Express,NCR,DHO-GWL,10.11,22.48,7705.1,0.746,1,1.56,10.51
12050,Gatimaan Express,NCR,GWL-DBA,31.53,30.5,3983.8,0.477,1,1.87,33.19
20172,Rani Kamalapati Vande Bharat,NCR,DBA-JHS,21.57,20.63,4257.8,0.1,1,1.77,23.95
20171,Rani Kamalapati Vande Bharat,NCR,NDLS-CNB,1.72,24.52,928.7,0.1,1,1.69,6.92
12279,Taj Express,NCR,CNB-ALD,11.8,3.56,7939.1,0.254,2,2.2,21.47
12280,Taj Express,NCR,NDLS-GZB,15.98,10.35,4050.8,0.353,2,2.8,22.7
12452,Shram Shakti Express,NCR,GZB-ALJN,21.72,34.13,599.6,0.62,2,2.52,35.45
12451,Shram Shakti Express,NCR,ALJN-TDL,14.51,16.62,7931.5,0.671,2,1.81,14.58
12417,Prayagraj Express,NCR,TDL-AGC,0.82,34.07,7671.3,0.194,2,2.64,4.98
12418,Prayagraj Express,NCR,AGC-DHO,0.49,21.32,1073.4,0.248,2,2.69,8.9
12559,Shiv Ganga Express,NCR,DHO-GWL,3.37,15.32,1148.9,0.507,2,2.91,7.62
12560,Shiv Ganga Express,NCR,GWL-DBA,16.96,20.8,8015.0,0.363,2,1.61,21.37
12137,Punjab Mail,NCR,DBA-JHS,20.54,12.11,7767.3,0.396,2,3.18,27.76
12138,Punjab Mail,NCR,NDLS-CNB,2.77,12.98,8174.4,0.587,2,0.12,7.15
12615,Grand Trunk Express,NCR,CNB-ALD,1.34,28.64,4194.2,0.391,2,2.04,1.41
12616,Grand Trunk Express,NCR,NDLS-GZB,38.03,2.14,4158.1,0.612,2,2.54,54.4
13007,Ashutosh Toofan Express,NCR,GZB-ALJN,2.85,5.9,1332.2,0.6,3,2.31,13.59
13008,Ashutosh Toofan Express,NCR,ALJN-TDL,16.87,11.52,8251.6,0.433,3,2.54,19.96
04414,Delhi - Aligarh MEMU Passenger,NCR,TDL-AGC,3.49,32.12,8103.6,0.44,3,2.09,8.44
04183,Tundla - Delhi MEMU Passenger,NCR,AGC-DHO,2.5,11.33,8158.7,0.659,3,0.13,10.95
04159,Kanpur - Tundla MEMU Passenger,NCR,DHO-GWL,1.23,6.67,326.8,0.321,3,2.0,14.8
01888,Gwalior - Agra Cantt Passenger,NCR,GWL-DBA,0.48,16.49,1314.6,0.293,3,2.94,12.35
07091,Guntur - Delhi Passenger Special,SCoR,BZA-EE,1.36,27.54,304.4,0.818,3,2.78,30.95
07764,Guntur - Vijayawada MEMU Passenger,SCoR,BZA-KI,33.02,32.99,8055.5,0.508,3,1.21,44.34
17239,Simhadri Daily Express,SCoR,GNT-NLR,3.57,25.46,8125.9,0.82,2,2.34,8.45
